Component,Core Cycles,System Cycles,Kernel Cycles,User Cycles,Kernel Entries,Schedules,Core CPU Util,Core Kernel CPU Util,Core User CPU Util,Linux User %,Linux Kernel %,Linux Idle %,Linux Samples
System Total 20.0Mb/s,165811968639,76756610796,20892406172,55864204624,13501283,7810610,46.29,12.6,33.69,6.2,13.1,71.0,13
System Total 50.0Mb/s,81016085044,66530550598,16892158664,49638391934,10731907,6121353,82.12,20.85,61.27,11.7,24.0,46.0,7
System Total 100.0Mb/s,52636858006,52222870813,11102172273,41120698540,6806415,3904034,99.21,21.09,78.12,16.65,31.9,28.3,4
System Total 150.0Mb/s,43363367721,42859248916,6563955454,36295293462,3942676,2278193,98.84,15.14,83.7,20.55,33.05,25.0,4
System Total 200.0Mb/s,42410224849,42016551535,6147895355,35868656180,3719024,2185724,99.07,14.5,84.58,18.2,31.6,25.75,4

TEST 1: 20.0Mb/s
CORE 0 TOTAL,165811968639,76756610796,20892406172,55864204624,13501283,7810610,46.29,12.6,33.69
serial_driver,165811968639,504627,158077,346550,80,79,0.0,0.0,0.0
serial_virt_tx,165811968639,504079,278108,225971,158,158,0.0,0.0,0.0
serial_virt_rx,165811968639,0,0,0,0,0,0.0,0.0,0.0
net_driver_vm,165811968639,18619223121,13604846430,5014376691,9079209,3753645,11.23,8.2,3.02
net_virt_tx,165811968639,1987209626,776361597,1210848029,353434,353434,1.2,0.47,0.73
net_virt_rx,165811968639,1975419534,726868452,1248551082,535537,356777,1.19,0.44,0.75
client0,165811968639,2497397575,367475180,2129922395,183170,183101,1.51,0.22,1.28
client0_net_copier,165811968639,1164141379,293254043,870887336,352570,176361,0.7,0.18,0.53
client1,165811968639,39341949,10120748,29221201,8602,8590,0.02,0.01,0.02
client1_net_copier,165811968639,14693737,4989810,9703927,4914,2488,0.01,0.0,0.01
timer_driver,165811968639,1736166294,459230576,1276935718,550034,542415,1.05,0.28,0.77
linux,165811968639,48722008875,4648823151,44073185724,2193318,2193304,29.38,2.8,26.58

TEST 2: 50.0Mb/s
CORE 0 TOTAL,81016085044,66530550598,16892158664,49638391934,10731907,6121353,82.12,20.85,61.27
serial_driver,81016085044,281688,86301,195387,43,43,0.0,0.0,0.0
serial_virt_tx,81016085044,280447,150333,130114,87,86,0.0,0.0,0.0
serial_virt_rx,81016085044,0,0,0,0,0,0.0,0.0,0.0
net_driver_vm,81016085044,15023891286,10978266375,4045624911,7267959,2958717,18.54,13.55,4.99
net_virt_tx,81016085044,1811037048,638029598,1173007450,287950,287950,2.24,0.79,1.45
net_virt_rx,81016085044,1798466029,574542722,1223923307,432337,288144,2.22,0.71,1.51
client0,81016085044,2453801350,296378510,2157422840,145555,145111,3.03,0.37,2.66
client0_net_copier,81016085044,1114493216,233362400,881130816,284601,142485,1.38,0.29,1.09
client1,81016085044,28459582,7122203,21337379,4967,4957,0.04,0.01,0.03
client1_net_copier,81016085044,12400769,4186076,8214693,3627,1864,0.02,0.01,0.01
timer_driver,81016085044,1363346879,361423691,1001923188,431012,418245,1.68,0.45,1.24
linux,81016085044,42924092304,3798610455,39125481849,1777848,1777829,52.98,4.69,48.29

TEST 3: 100.0Mb/s
CORE 0 TOTAL,52636858006,52222870813,11102172273,41120698540,6806415,3904034,99.21,21.09,78.12
serial_driver,52636858006,174912,51464,123448,25,25,0.0,0.0,0.0
serial_virt_tx,52636858006,173698,90280,83418,51,50,0.0,0.0,0.0
serial_virt_rx,52636858006,0,0,0,0,0,0.0,0.0,0.0
net_driver_vm,52636858006,9755185879,7120427358,2634758521,4578997,1872423,18.53,13.53,5.01
net_virt_tx,52636858006,1401250351,349271397,1051978954,149823,149823,2.66,0.66,2.0
net_virt_rx,52636858006,1734860924,463130035,1271730889,349002,231494,3.3,0.88,2.42
client0,52636858006,2326965757,170743421,2156222336,80644,80214,4.42,0.32,4.1
client0_net_copier,52636858006,1126996651,181952282,945044369,185586,114321,2.14,0.35,1.8
client1,52636858006,11720002,3653736,8066266,2126,2099,0.02,0.01,0.02
client1_net_copier,52636858006,7404168,2311737,5092431,1310,1066,0.01,0.0,0.01
timer_driver,52636858006,793483198,203224378,590258820,234448,228121,1.51,0.39,1.12
linux,52636858006,35064655273,2607316185,32457339088,1219566,1219560,66.62,4.95,61.66

TEST 4: 150.0Mb/s
CORE 0 TOTAL,43363367721,42859248916,6563955454,36295293462,3942676,2278193,98.84,15.14,83.7
serial_driver,43363367721,183873,58938,124935,26,25,0.0,0.0,0.0
serial_virt_tx,43363367721,173075,90597,82478,51,50,0.0,0.0,0.0
serial_virt_rx,43363367721,0,0,0,0,0,0.0,0.0,0.0
net_driver_vm,43363367721,5816038259,4236671205,1579367054,2683487,1118717,13.41,9.77,3.64
net_virt_tx,43363367721,1065469100,137739019,927730081,52052,52052,2.46,0.32,2.14
net_virt_rx,43363367721,1562052296,295599850,1266452446,210640,130824,3.6,0.68,2.92
client0,43363367721,2433380141,110029128,2323351013,49388,49049,5.61,0.25,5.36
client0_net_copier,43363367721,1074670911,98799998,975870913,81054,64051,2.48,0.23,2.25
client1,43363367721,3980783,1013004,2967779,878,863,0.01,0.0,0.01
client1_net_copier,43363367721,3781858,1121793,2660065,573,525,0.01,0.0,0.01
timer_driver,43363367721,503254814,129067197,374187617,144224,141738,1.16,0.3,0.86
linux,43363367721,30396263806,1553764725,28842499081,719866,719861,70.1,3.58,66.51

TEST 5: 200.0Mb/s
CORE 0 TOTAL,42410224849,42016551535,6147895355,35868656180,3719024,2185724,99.07,14.5,84.58
serial_driver,42410224849,175442,55784,119658,25,25,0.0,0.0,0.0
serial_virt_tx,42410224849,170660,91150,79510,51,50,0.0,0.0,0.0
serial_virt_rx,42410224849,0,0,0,0,0,0.0,0.0,0.0
net_driver_vm,42410224849,5473307736,3989571269,1483736467,2532026,1076486,12.91,9.41,3.5
net_virt_tx,42410224849,782328818,22498049,759830769,7771,7771,1.84,0.05,1.79
net_virt_rx,42410224849,1629843634,327560358,1302283276,223522,149879,3.84,0.77,3.07
client0,42410224849,2423211059,110371030,2312840029,49811,49635,5.71,0.26,5.45
client0_net_copier,42410224849,1125906893,107966274,1017940619,74667,73858,2.65,0.25,2.4
client1,42410224849,8126218,2171841,5954377,1567,1550,0.02,0.01,0.01
client1_net_copier,42410224849,3984858,1332956,2651902,773,517,0.01,0.0,0.01
timer_driver,42410224849,471357236,123914739,347442497,140855,137999,1.11,0.29,0.82
linux,42410224849,30098138981,1462361905,28635777076,687547,687544,70.97,3.45,67.52

CPU cycles,L1 i-cache misses,Branch mispredictions
141814807518,976967354,552818491,
61767903313,816125292,477375940,
40103994897,582683709,349943702,
35946218643,417912402,229363822,
35466763814,396642115,204695262,
